An.stop.apk, Anacr.browser.lightning.apk, a
acr.browser.lightning.apk, acr
acr.browser.lightning.apk, android
acr.browser.lightning.apk, b
acr.browser.lightning.apk, butterknife
acr.browser.lightning.apk, c
acr.browser.lightning.apk, com
acr.browser.lightning.apk, d
acr.browser.lightning.apk, e
acr.browser.lightning.apk, javax
acr.browser.lightning.apk, net
acr.browser.lightning.apk, orgai.susi.apk, ai
ai.susi.apk, android
ai.susi.apk, androidx
ai.susi.apk, butterknife
ai.susi.apk, com
ai.susi.apk, io
ai.susi.apk, javax
ai.susi.apk, kotlin
ai.susi.apk, kotlinx
ai.susi.apk, kotterknife
ai.susi.apk, okhttp3
ai.susi.apk, okio
ai.susi.apk, org
ai.susi.apk, pl
ai.susi.apk, retrofit2
ai.susi.apk, timberakk.astro.droid.moonphase.apk, akkam.zoom.mbrowser.apk, am
am.zoom.mbrowser.apk, androidandrodns.android.leetdreams.ch.androdns.apk, androdns
androdns.android.leetdreams.ch.androdns.apk, android
androdns.android.leetdreams.ch.androdns.apk, androidx
androdns.android.leetdreams.ch.androdns.apk, com
androdns.android.leetdreams.ch.androdns.apk, dig.class
androdns.android.leetdreams.ch.androdns.apk, jnamed$1.class
androdns.android.leetdreams.ch.androdns.apk, jnamed$2.class
androdns.android.leetdreams.ch.androdns.apk, jnamed$3.class
androdns.android.leetdreams.ch.androdns.apk, jnamed.class
androdns.android.leetdreams.ch.androdns.apk, lookup.class
androdns.android.leetdreams.ch.androdns.apk, org
androdns.android.leetdreams.ch.androdns.apk, update.classandroid.androidVNC.apk, android
android.androidVNC.apk, comandroid.game.prboom.apk, android
android.game.prboom.apk, doomandroid.nachiketa.ebookdownloader.apk, android
android.nachiketa.ebookdownloader.apk, androidx
android.nachiketa.ebookdownloader.apk, com
android.nachiketa.ebookdownloader.apk, orgapp.librenews.io.librenews.apk, android
app.librenews.io.librenews.apk, app
app.librenews.io.librenews.apk, orgapp.reading.stoic.stoicreading.apk, com
app.reading.stoic.stoicreading.apk, javax
app.reading.stoic.stoicreading.apk, orgarity.calculator.apk, arity
arity.calculator.apk, calculator
arity.calculator.apk, orgau.com.wallaceit.reddinator.apk, android
au.com.wallaceit.reddinator.apk, au
au.com.wallaceit.reddinator.apk, com
au.com.wallaceit.reddinator.apk, de
au.com.wallaceit.reddinator.apk, net
au.com.wallaceit.reddinator.apk, okhttp3
au.com.wallaceit.reddinator.apk, okio
au.com.wallaceit.reddinator.apk, orgbr.usp.ime.retrobreaker.apk, brca.cmetcalfe.xposed.disablebatterywarnings.apk, caca.cmetcalfe.xposed.flatconnectivityicons.apk, caca.pr0ps.xposed.entrustunblocker.apk, caca.rmen.android.frenchcalendar.apk, android
ca.rmen.android.frenchcalendar.apk, ca
ca.rmen.android.frenchcalendar.apk, com
ca.rmen.android.frenchcalendar.apk, kotlin
ca.rmen.android.frenchcalendar.apk, net
ca.rmen.android.frenchcalendar.apk, relocatedca.rmen.nounours.apk, android
ca.rmen.nounours.apk, ca
ca.rmen.nounours.apk, com
ca.rmen.nounours.apk, netcc.echonet.coolmicapp.apk, android
cc.echonet.coolmicapp.apk, cc
cc.echonet.coolmicapp.apk, comch.abertschi.adfree.apk, comch.blinkenlights.android.vanillaplug.apk, chch.fixme.status.apk, ch
ch.fixme.status.apk, com
ch.fixme.status.apk, dechat.rocket.android.apk, DateTimeHelper.class
chat.rocket.android.apk, DrawableHelper.class
chat.rocket.android.apk, GraphicsKt.class
chat.rocket.android.apk, android
chat.rocket.android.apk, androidx
chat.rocket.android.apk, bolts
chat.rocket.android.apk, chatclick.dummer.UartSmartwatch.apk, android
click.dummer.UartSmartwatch.apk, androidx
click.dummer.UartSmartwatch.apk, com
click.dummer.UartSmartwatch.apk, declick.dummer.textthing.apk, androidco.pxhouse.sas.apk, a
co.pxhouse.sas.apk, cocom.Bisha.TI89EmuDonation.apk, comcom.Pau.ImapNotes2.apk, androidcom.android.adbkeyboard.apk, comcom.android.gpstest.osmdroid.apk, android
com.android.gpstest.osmdroid.apk, androidx
com.android.gpstest.osmdroid.apk, com
com.android.gpstest.osmdroid.apk, kotlin
com.android.gpstest.osmdroid.apk, orgcom.androidemu.nes.apk, android
com.androidemu.nes.apk, comcom.angrydoughnuts.android.alarmclock.apk, android
com.angrydoughnuts.android.alarmclock.apk, comcom.anoopknr.pastebin.apk, android
com.anoopknr.pastebin.apk, comcom.anoshenko.android.mahjongg.apk, comcom.anpmech.launcher.apk, android
com.anpmech.launcher.apk, comcom.anthony.deepl.openl.apk, a
com.anthony.deepl.openl.apk, android
com.anthony.deepl.openl.apk, androidx
com.anthony.deepl.openl.apk, b
com.anthony.deepl.openl.apk, com
com.anthony.deepl.openl.apk, kotlin
com.anthony.deepl.openl.apk, kotlinx
com.anthony.deepl.openl.apk, okhttp3
com.anthony.deepl.openl.apk, org
com.anthony.deepl.openl.apk, retrofit2com.antoniotari.reactiveampacheapp.apk, android
com.antoniotari.reactiveampacheapp.apk, com
com.antoniotari.reactiveampacheapp.apk, io
com.antoniotari.reactiveampacheapp.apk, javax
com.antoniotari.reactiveampacheapp.apk, nl
com.antoniotari.reactiveampacheapp.apk, okhttp3
com.antoniotari.reactiveampacheapp.apk, okio
com.antoniotari.reactiveampacheapp.apk, org
com.antoniotari.reactiveampacheapp.apk, rx
com.antoniotari.reactiveampacheapp.apk, xyzcom.anysoftkeyboard.languagepack.afrikaans.apk, comcom.anysoftkeyboard.languagepack.basque.apk, comcom.anysoftkeyboard.languagepack.brazilian.apk, comcom.anysoftkeyboard.languagepack.danish.apk, comcom.anysoftkeyboard.languagepack.dutch.apk, comcom.anysoftkeyboard.languagepack.french.apk, comcom.anysoftkeyboard.languagepack.galician.apk, comcom.anysoftkeyboard.languagepack.german.apk, comcom.anysoftkeyboard.languagepack.greek.apk, comcom.anysoftkeyboard.languagepack.hebrew.apk, comcom.anysoftkeyboard.languagepack.icelandic.apk, comcom.anysoftkeyboard.languagepack.indonesian.apk, comcom.anysoftkeyboard.languagepack.italian.apk, comcom.anysoftkeyboard.languagepack.latvian.apk, comcom.anysoftkeyboard.languagepack.macedonian.apk, comcom.anysoftkeyboard.languagepack.neo.apk, comcom.anysoftkeyboard.languagepack.norwegian.apk, comcom.anysoftkeyboard.languagepack.osspolish.apk, comcom.anysoftkeyboard.languagepack.ossturkish.apk, comcom.anysoftkeyboard.languagepack.portuguese.apk, comcom.anysoftkeyboard.languagepack.russian2.apk, comcom.anysoftkeyboard.languagepack.slovene.apk, comcom.anysoftkeyboard.languagepack.spain.apk, comcom.anysoftkeyboard.languagepack.swedish.apk, comcom.anysoftkeyboard.languagepack.tatar.apk, comcom.anysoftkeyboard.languagepack.ukrainian.apk, comcom.app.missednotificationsreminder.apk, android
com.app.missednotificationsreminder.apk, com
com.app.missednotificationsreminder.apk, dagger
com.app.missednotificationsreminder.apk, javax
com.app.missednotificationsreminder.apk, rx
com.app.missednotificationsreminder.apk, timbercom.appengine.paranoid_android.lost.apk, comcom.apps.adrcotfas.goodtime.apk, a
com.apps.adrcotfas.goodtime.apk, android
com.apps.adrcotfas.goodtime.apk, androidx
com.apps.adrcotfas.goodtime.apk, com
com.apps.adrcotfas.goodtime.apk, orgcom.aptasystems.dicewarepasswordgenerator.apk, android
com.aptasystems.dicewarepasswordgenerator.apk, com
com.aptasystems.dicewarepasswordgenerator.apk, mecom.aragaer.jtt.apk, android
com.aragaer.jtt.apk, comcom.arnaud.metronome.apk, comcom.artifex.mupdf.mini.app.apk, android
com.artifex.mupdf.mini.app.apk, comcom.artifex.mupdf.viewer.app.apk, android
com.artifex.mupdf.viewer.app.apk, comcom.ath0.rpn.apk, comcom.aurora.store.apk, android
com.aurora.store.apk, androidx
com.aurora.store.apk, butterknife
com.aurora.store.apk, comcom.b44t.messenger.apk, android
com.b44t.messenger.apk, com
com.b44t.messenger.apk, me
com.b44t.messenger.apk, mobi
com.b44t.messenger.apk, orgcom.bec3.mobilite.apk, com
com.bec3.mobilite.apk, orgcom.beem.project.beem.apk, com
com.beem.project.beem.apk, de
com.beem.project.beem.apk, net
com.beem.project.beem.apk, orgcom.beemdevelopment.aegis.apk, android
com.beemdevelopment.aegis.apk, androidx
com.beemdevelopment.aegis.apk, com
com.beemdevelopment.aegis.apk, de
com.beemdevelopment.aegis.apk, kotlin
com.beemdevelopment.aegis.apk, me
com.beemdevelopment.aegis.apk, orgcom.benny.openlauncher.apk, agency
com.benny.openlauncher.apk, android
com.benny.openlauncher.apk, butterknife
com.benny.openlauncher.apk, cat
com.benny.openlauncher.apk, com
com.benny.openlauncher.apk, de
com.benny.openlauncher.apk, in
com.benny.openlauncher.apk, io
com.benny.openlauncher.apk, javax
com.benny.openlauncher.apk, jp
com.benny.openlauncher.apk, me
com.benny.openlauncher.apk, netcom.bernaferrari.changedetection.apk, a
com.bernaferrari.changedetection.apk, android
com.bernaferrari.changedetection.apk, androidx
com.bernaferrari.changedetection.apk, b
com.bernaferrari.changedetection.apk, c
com.bernaferrari.changedetection.apk, com
com.bernaferrari.changedetection.apk, d
com.bernaferrari.changedetection.apk, e
com.bernaferrari.changedetection.apk, f
com.bernaferrari.changedetection.apk, g
com.bernaferrari.changedetection.apk, h
com.bernaferrari.changedetection.apk, i
com.bernaferrari.changedetection.apk, j
com.bernaferrari.changedetection.apk, kotlinx
com.bernaferrari.changedetection.apk, okhttp3com.biglybt.android.client.apk, a
com.biglybt.android.client.apk, aa
com.biglybt.android.client.apk, ab
com.biglybt.android.client.apk, ac
com.biglybt.android.client.apk, ad
com.biglybt.android.client.apk, ae
com.biglybt.android.client.apk, af
com.biglybt.android.client.apk, ag
com.biglybt.android.client.apk, ah
com.biglybt.android.client.apk, ai
com.biglybt.android.client.apk, aj
com.biglybt.android.client.apk, ak
com.biglybt.android.client.apk, al
com.biglybt.android.client.apk, am
com.biglybt.android.client.apk, an
com.biglybt.android.client.apk, android
com.biglybt.android.client.apk, androidx
com.biglybt.android.client.apk, ao
com.biglybt.android.client.apk, ap
com.biglybt.android.client.apk, aq
com.biglybt.android.client.apk, ar
com.biglybt.android.client.apk, as
com.biglybt.android.client.apk, at
com.biglybt.android.client.apk, au
com.biglybt.android.client.apk, av
com.biglybt.android.client.apk, aw
com.biglybt.android.client.apk, ax
com.biglybt.android.client.apk, ay
com.biglybt.android.client.apk, az
com.biglybt.android.client.apk, b
com.biglybt.android.client.apk, ba
com.biglybt.android.client.apk, bb
com.biglybt.android.client.apk, bc
com.biglybt.android.client.apk, bd
com.biglybt.android.client.apk, be
com.biglybt.android.client.apk, bf
com.biglybt.android.client.apk, bg
com.biglybt.android.client.apk, bh
com.biglybt.android.client.apk, bi
com.biglybt.android.client.apk, bj
com.biglybt.android.client.apk, bk
com.biglybt.android.client.apk, bl
com.biglybt.android.client.apk, bm
com.biglybt.android.client.apk, bn
com.biglybt.android.client.apk, bo
com.biglybt.android.client.apk, bp
com.biglybt.android.client.apk, bq
com.biglybt.android.client.apk, br
com.biglybt.android.client.apk, bs
com.biglybt.android.client.apk, bt
com.biglybt.android.client.apk, bu
com.biglybt.android.client.apk, bv
com.biglybt.android.client.apk, bw
com.biglybt.android.client.apk, bx
com.biglybt.android.client.apk, by
com.biglybt.android.client.apk, bz
com.biglybt.android.client.apk, c
com.biglybt.android.client.apk, ca
com.biglybt.android.client.apk, cb
com.biglybt.android.client.apk, cc
com.biglybt.android.client.apk, cd
com.biglybt.android.client.apk, ce
com.biglybt.android.client.apk, cf
com.biglybt.android.client.apk, cg
com.biglybt.android.client.apk, ch
com.biglybt.android.client.apk, ci
com.biglybt.android.client.apk, cj
com.biglybt.android.client.apk, ck
com.biglybt.android.client.apk, cl
com.biglybt.android.client.apk, cm
com.biglybt.android.client.apk, cn
com.biglybt.android.client.apk, co
com.biglybt.android.client.apk, com
com.biglybt.android.client.apk, cp
com.biglybt.android.client.apk, cq
com.biglybt.android.client.apk, cr
com.biglybt.android.client.apk, cs
com.biglybt.android.client.apk, ct
com.biglybt.android.client.apk, cu
com.biglybt.android.client.apk, cv
com.biglybt.android.client.apk, cw
com.biglybt.android.client.apk, cx
com.biglybt.android.client.apk, cy
com.biglybt.android.client.apk, cz
com.biglybt.android.client.apk, d
com.biglybt.android.client.apk, da
com.biglybt.android.client.apk, db
com.biglybt.android.client.apk, dc
com.biglybt.android.client.apk, dd
com.biglybt.android.client.apk, de
com.biglybt.android.client.apk, df
com.biglybt.android.client.apk, dg
com.biglybt.android.client.apk, dh
com.biglybt.android.client.apk, di
com.biglybt.android.client.apk, dj
com.biglybt.android.client.apk, dk
com.biglybt.android.client.apk, dl
com.biglybt.android.client.apk, dm
com.biglybt.android.client.apk, dn
com.biglybt.android.client.apk, do
com.biglybt.android.client.apk, dp
com.biglybt.android.client.apk, dq
com.biglybt.android.client.apk, dr
com.biglybt.android.client.apk, ds
com.biglybt.android.client.apk, dt
com.biglybt.android.client.apk, du
com.biglybt.android.client.apk, dv
com.biglybt.android.client.apk, dw
com.biglybt.android.client.apk, dx
com.biglybt.android.client.apk, dy
com.biglybt.android.client.apk, dz
com.biglybt.android.client.apk, e
com.biglybt.android.client.apk, f
com.biglybt.android.client.apk, g
com.biglybt.android.client.apk, h
com.biglybt.android.client.apk, i
com.biglybt.android.client.apk, j
com.biglybt.android.client.apk, k
com.biglybt.android.client.apk, l
com.biglybt.android.client.apk, lbms
com.biglybt.android.client.apk, m
com.biglybt.android.client.apk, n
com.biglybt.android.client.apk, net
com.biglybt.android.client.apk, o
com.biglybt.android.client.apk, okhttp3
com.biglybt.android.client.apk, org
com.biglybt.android.client.apk, p
com.biglybt.android.client.apk, q
com.biglybt.android.client.apk, r
com.biglybt.android.client.apk, s
com.biglybt.android.client.apk, t
com.biglybt.android.client.apk, u
com.biglybt.android.client.apk, v
com.biglybt.android.client.apk, w
com.biglybt.android.client.apk, x
com.biglybt.android.client.apk, y
com.biglybt.android.client.apk, zcom.bijoysingh.quicknote.apk, android
com.bijoysingh.quicknote.apk, androidx
com.bijoysingh.quicknote.apk, com
com.bijoysingh.quicknote.apk, javax
com.bijoysingh.quicknote.apk, junit
com.bijoysingh.quicknote.apk, kotlin
com.bijoysingh.quicknote.apk, kotlinx
com.bijoysingh.quicknote.apk, org
com.bijoysingh.quicknote.apk, plcom.bleyl.recurrence.apk, android
com.bleyl.recurrence.apk, butterknife
com.bleyl.recurrence.apk, com
com.bleyl.recurrence.apk, mecom.bmco.cratesiounofficial.apk, android
com.bmco.cratesiounofficial.apk, com
com.bmco.cratesiounofficial.apk, cz
com.bmco.cratesiounofficial.apk, rucom.borneq.heregpslocation.apk, comcom.brentpanther.bitcoincashwidget.apk, android
com.brentpanther.bitcoincashwidget.apk, com
com.brentpanther.bitcoincashwidget.apk, orgcom.briankhuu.nfcmessageboard.apk, android
com.briankhuu.nfcmessageboard.apk, comcom.btcontract.wallet.apk, com
com.btcontract.wallet.apk, eu
com.btcontract.wallet.apk, info
com.btcontract.wallet.apk, javax
com.btcontract.wallet.apk, okio
com.btcontract.wallet.apk, org
com.btcontract.wallet.apk, rx
com.btcontract.wallet.apk, scala
com.btcontract.wallet.apk, spraycom.bwx.bequick.apk, comcom.byagowi.persiancalendar.apk, a
com.byagowi.persiancalendar.apk, android
com.byagowi.persiancalendar.apk, androidx
com.byagowi.persiancalendar.apk, b
com.byagowi.persiancalendar.apk, c
com.byagowi.persiancalendar.apk, com
com.byagowi.persiancalendar.apk, netcom.bytehamster.changelog.apk, android
com.bytehamster.changelog.apk, comcom.bytesforge.linkasanote.apk, a
com.bytesforge.linkasanote.apk, android
com.bytesforge.linkasanote.apk, b
com.bytesforge.linkasanote.apk, com
com.bytesforge.linkasanote.apk, javax
com.bytesforge.linkasanote.apk, orgcom.bytestemplar.tonedef.apk, com
com.bytestemplar.tonedef.apk, difflib
com.bytestemplar.tonedef.apk, oauth
com.bytestemplar.tonedef.apk, orgcom.catchingnow.tinyclipboardmanager.apk, android
com.catchingnow.tinyclipboardmanager.apk, comcom.cgogolin.library.apk, android
com.cgogolin.library.apk, comcom.chanapps.four.activity.apk, android
com.chanapps.four.activity.apk, com
com.chanapps.four.activity.apk, org
com.chanapps.four.activity.apk, ukcom.ciarang.tallyphant.apk, comcom.cityfreqs.littlesirecho.apk, android
com.cityfreqs.littlesirecho.apk, comcom.cityzen.cityzen.apk, android
com.cityzen.cityzen.apk, androidx
com.cityzen.cityzen.apk, com
com.cityzen.cityzen.apk, de
com.cityzen.cityzen.apk, info
com.cityzen.cityzen.apk, io
com.cityzen.cityzen.apk, oauth
com.cityzen.cityzen.apk, okhttp3
com.cityzen.cityzen.apk, okio
com.cityzen.cityzen.apk, org
com.cityzen.cityzen.apk, pub
com.cityzen.cityzen.apk, retrofit2com.cleveroad.sample.apk, android
com.cleveroad.sample.apk, butterknife
com.cleveroad.sample.apk, com
com.cleveroad.sample.apk, jpcom.coboltforge.dontmind.multivnc.apk, com
com.coboltforge.dontmind.multivnc.apk, javaxcom.commit451.gitlab.apk, android
com.commit451.gitlab.apk, androidx
com.commit451.gitlab.apk, butterknife
com.commit451.gitlab.apk, com
com.commit451.gitlab.apk, de
com.commit451.gitlab.apk, io
com.commit451.gitlab.apk, kotlin
com.commit451.gitlab.apk, me
com.commit451.gitlab.apk, okhttp3
com.commit451.gitlab.apk, okio
com.commit451.gitlab.apk, org
com.commit451.gitlab.apk, pl
com.commit451.gitlab.apk, retrofit2
com.commit451.gitlab.apk, timbercom.commonslab.commonslab.apk, android
com.commonslab.commonslab.apk, apiwrapper
com.commonslab.commonslab.apk, com
com.commonslab.commonslab.apk, junit
com.commonslab.commonslab.apk, net
com.commonslab.commonslab.apk, okhttp3
com.commonslab.commonslab.apk, okio
com.commonslab.commonslab.apk, org
com.commonslab.commonslab.apk, pub
com.commonslab.commonslab.apk, topcom.commonsware.android.arXiv.apk, android
com.commonsware.android.arXiv.apk, comcom.controlloid.apk, android
com.controlloid.apk, androidx
com.controlloid.apk, bolts
com.controlloid.apk, com
com.controlloid.apk, javax
com.controlloid.apk, okhttp3
com.controlloid.apk, okio
com.controlloid.apk, orgcom.corphish.nightlight.generic.apk, android
com.corphish.nightlight.generic.apk, androidx
com.corphish.nightlight.generic.apk, com
com.corphish.nightlight.generic.apk, eu
com.corphish.nightlight.generic.apk, kotlin
com.corphish.nightlight.generic.apk, orgcom.corvettecole.gotosleep.apk, a
com.corvettecole.gotosleep.apk, android
com.corvettecole.gotosleep.apk, androidx
com.corvettecole.gotosleep.apk, comcom.coste.syncorg.apk, android
com.coste.syncorg.apk, orgcom.cradle.iitc_mobile.apk, android
com.cradle.iitc_mobile.apk, comcom.crazyhitty.chdev.ks.munch.apk, android
com.crazyhitty.chdev.ks.munch.apk, butterknife
com.crazyhitty.chdev.ks.munch.apk, com
com.crazyhitty.chdev.ks.munch.apk, io
com.crazyhitty.chdev.ks.munch.apk, me
com.crazyhitty.chdev.ks.munch.apk, okhttp3
com.crazyhitty.chdev.ks.munch.apk, okio
com.crazyhitty.chdev.ks.munch.apk, orgcom.davidshewitt.admincontrol.apk, android
com.davidshewitt.admincontrol.apk, comcom.derek_s.hubble_gallery.apk, android
com.derek_s.hubble_gallery.apk, butterknife
com.derek_s.hubble_gallery.apk, com
com.derek_s.hubble_gallery.apk, dagger
com.derek_s.hubble_gallery.apk, fr
com.derek_s.hubble_gallery.apk, javax
com.derek_s.hubble_gallery.apk, kotlin
com.derek_s.hubble_gallery.apk, me
com.derek_s.hubble_gallery.apk, orgcom.dfa.hubzilla_android.apk, android
com.dfa.hubzilla_android.apk, androidx
com.dfa.hubzilla_android.apk, butterknife
com.dfa.hubzilla_android.apk, com
com.dfa.hubzilla_android.apk, info
com.dfa.hubzilla_android.apk, net
com.dfa.hubzilla_android.apk, uzcom.dftec.planetcon.apk, comcom.dfzlv.gjjlt.caramelos.apk, comcom.digitalfishfun.openshift.apk, android
com.digitalfishfun.openshift.apk, comcom.digitallizard.nicecompass.apk, android
com.digitallizard.nicecompass.apk, comcom.dimtion.shaarlier.apk, android
com.dimtion.shaarlier.apk, androidx
com.dimtion.shaarlier.apk, com
com.dimtion.shaarlier.apk, orgcom.dirkgassen.wator.apk, android
com.dirkgassen.wator.apk, comcom.dkanada.chip.apk, android
com.dkanada.chip.apk, com
com.dkanada.chip.apk, rucom.dkanada.icecons.apk, android
com.dkanada.icecons.apk, androidx
com.dkanada.icecons.apk, comcom.doomy.torch.apk, comcom.dozingcatsoftware.asciicam.apk, android
com.dozingcatsoftware.asciicam.apk, comcom.dozingcatsoftware.cameratimer.apk, android
com.dozingcatsoftware.cameratimer.apk, comcom.enrico.filemanager.apk, comcom.enrico.sample.apk, androidcom.evancharlton.mileage.apk, android
com.evancharlton.mileage.apk, au
com.evancharlton.mileage.apk, comcom.everysoft.autoanswer.apk, android
com.everysoft.autoanswer.apk, comcom.example.android.maxpapers.apk, comcom.example.muzei.muzeiapod.apk, android
com.example.muzei.muzeiapod.apk, com
com.example.muzei.muzeiapod.apk, orgcom.fake.android.torchlight.apk, androidcom.foxykeep.lifecounter.apk, comcom.fr3ts0n.androbd.plugin.mqtt.apk, com
com.fr3ts0n.androbd.plugin.mqtt.apk, orgcom.fullscreen.apk, android
com.fullscreen.apk, comcom.futurice.android.reservator.apk, comcom.gabm.screenrotationcontrol.apk, android
com.gabm.screenrotationcontrol.apk, comcom.github.axet.darknessimmunity.apk, android
com.github.axet.darknessimmunity.apk, com
com.github.axet.darknessimmunity.apk, cz
com.github.axet.darknessimmunity.apk, orgcom.github.axet.hourlyreminder.apk, android
com.github.axet.hourlyreminder.apk, com
com.github.axet.hourlyreminder.apk, cz
com.github.axet.hourlyreminder.apk, orgcom.github.postapczuk.lalauncher.apk, com
com.github.postapczuk.lalauncher.apk, java8com.gmail.afonsotrepa.pocketgopher.apk, android
com.gmail.afonsotrepa.pocketgopher.apk, comcom.google.android.gms.apk, android
com.google.android.gms.apk, com
com.google.android.gms.apk, orgcom.google.code.appsorganizer.apk, com
com.google.code.appsorganizer.apk, gnucom.haha01haha01.harail.apk, android
com.haha01haha01.harail.apk, com
com.haha01haha01.harail.apk, orgcom.holokenmod.apk, comcom.indieweb.indigenous.apk, android
com.indieweb.indigenous.apk, androidx
com.indieweb.indigenous.apk, com
com.indieweb.indigenous.apk, orgcom.jorgecastillo.kanadrill.apk, comcom.jtechme.jumpgo.apk, a
com.jtechme.jumpgo.apk, android
com.jtechme.jumpgo.apk, b
com.jtechme.jumpgo.apk, butterknife
com.jtechme.jumpgo.apk, c
com.jtechme.jumpgo.apk, com
com.jtechme.jumpgo.apk, net
com.jtechme.jumpgo.apk, orgcom.kaliturin.blacklist.apk, android
com.kaliturin.blacklist.apk, comcom.khuttun.notificationnotes.apk, android
com.khuttun.notificationnotes.apk, comcom.kn.paper_foss_theme.apk, android
com.kn.paper_foss_theme.apk, androidx
com.kn.paper_foss_theme.apk, comcom.marceljurtz.lifecounter.apk, android
com.marceljurtz.lifecounter.apk, comcom.miqote.shanawp.apk, android
com.miqote.shanawp.apk, comcom.mitzuli.apk, android
com.mitzuli.apk, com
com.mitzuli.apk, de
com.mitzuli.apk, orgcom.movim.movim.apk, android
com.movim.movim.apk, comcom.nexes.manager.apk, comcom.oakley.fon.apk, android
com.oakley.fon.apk, comcom.prangesoftwaresolutions.audioanchor.apk, android
com.prangesoftwaresolutions.audioanchor.apk, comcom.primokorn.enhancement.apk, comcom.quaap.phonefonefun.apk, comcom.rascarlo.arch.packages.apk, android
com.rascarlo.arch.packages.apk, androidx
com.rascarlo.arch.packages.apk, com
com.rascarlo.arch.packages.apk, okhttp3
com.rascarlo.arch.packages.apk, okio
com.rascarlo.arch.packages.apk, retrofit2com.saladdressing.veterondo.apk, android
com.saladdressing.veterondo.apk, com
com.saladdressing.veterondo.apk, retrofitcom.samebits.beacon.locator.apk, android
com.samebits.beacon.locator.apk, androidx
com.samebits.beacon.locator.apk, butterknife
com.samebits.beacon.locator.apk, com
com.samebits.beacon.locator.apk, dagger
com.samebits.beacon.locator.apk, javax
com.samebits.beacon.locator.apk, net
com.samebits.beacon.locator.apk, orgcom.shkmishra.lyrically.apk, android
com.shkmishra.lyrically.apk, com
com.shkmishra.lyrically.apk, kotlin
com.shkmishra.lyrically.apk, kotlinx
com.shkmishra.lyrically.apk, orgcom.simplemobiletools.calendar.pro.apk, android
com.simplemobiletools.calendar.pro.apk, decom.sunyata.kindmind.apk, android
com.sunyata.kindmind.apk, androidx
com.sunyata.kindmind.apk, comcom.suyashsrijan.forcedoze.apk, android
com.suyashsrijan.forcedoze.apk, androidx
com.suyashsrijan.forcedoze.apk, com
com.suyashsrijan.forcedoze.apk, de
com.suyashsrijan.forcedoze.apk, eu
com.suyashsrijan.forcedoze.apk, javax
com.suyashsrijan.forcedoze.apk, mecom.tananaev.calculator.apk, android
com.tananaev.calculator.apk, androidx
com.tananaev.calculator.apk, comcom.theworld.help.cbtandroid.apk, android
com.theworld.help.cbtandroid.apk, androidx
com.theworld.help.cbtandroid.apk, comcom.tomer.draw.apk, a
com.tomer.draw.apk, android
com.tomer.draw.apk, com
com.tomer.draw.apk, mecom.tomer.screenshotsharer.apk, android
com.tomer.screenshotsharer.apk, com
com.tomer.screenshotsharer.apk, kotlin
com.tomer.screenshotsharer.apk, orgcom.tutpro.baresip.apk, android
com.tutpro.baresip.apk, androidx
com.tutpro.baresip.apk, com
com.tutpro.baresip.apk, kotlin
com.tutpro.baresip.apk, orgcom.ultrafunk.network_info.apk, android
com.ultrafunk.network_info.apk, comcom.ultramegasoft.flavordex2.apk, android
com.ultramegasoft.flavordex2.apk, comcom.ultramegatech.ey.apk, android
com.ultramegatech.ey.apk, androidx
com.ultramegatech.ey.apk, comcom.uploadedlobster.PwdHash.apk, android
com.uploadedlobster.PwdHash.apk, comcom.utyf.pmetro.apk, android
com.utyf.pmetro.apk, com
com.utyf.pmetro.apk, orgcom.vackosar.searchbasedlauncher.apk, AnnotationDatabaseImpl.java
com.vackosar.searchbasedlauncher.apk, roboguicecom.veniosg.dir.apk, a
com.veniosg.dir.apk, android
com.veniosg.dir.apk, com
com.veniosg.dir.apk, orgcom.vgorcum.minedmonero.apk, android
com.vgorcum.minedmonero.apk, comcom.vlath.beheexplorer.apk, a
com.vlath.beheexplorer.apk, android
com.vlath.beheexplorer.apk, b
com.vlath.beheexplorer.apk, comcom.vlath.keyboard.apk, android
com.vlath.keyboard.apk, comcom.voidcode.diasporawebclient.apk, com
com.voidcode.diasporawebclient.apk, orgcom.volosyukivan.apk, comcom.vonglasow.michael.satstat.apk, android
com.vonglasow.michael.satstat.apk, com
com.vonglasow.michael.satstat.apk, org
com.vonglasow.michael.satstat.apk, pl
com.vonglasow.michael.satstat.apk, ukcom.vuze.android.remote.apk, android
com.vuze.android.remote.apk, androidx
com.vuze.android.remote.apk, be
com.vuze.android.remote.apk, com
com.vuze.android.remote.apk, kotlin
com.vuze.android.remote.apk, kotlinx
com.vuze.android.remote.apk, q
com.vuze.android.remote.apk, timbercom.vwp.owmap.apk, comcom.vwp.owmini.apk, android
com.vwp.owmini.apk, comcom.waist.line.apk, android
com.waist.line.apk, barcodescanner
com.waist.line.apk, com
com.waist.line.apk, openscale
com.waist.line.apk, orgcom.wangdaye.mysplash.apk, android
com.wangdaye.mysplash.apk, androidx
com.wangdaye.mysplash.apk, butterknife
com.wangdaye.mysplash.apk, com
com.wangdaye.mysplash.apk, okhttp3
com.wangdaye.mysplash.apk, okio
com.wangdaye.mysplash.apk, org
com.wangdaye.mysplash.apk, retrofit2com.wanghaus.remembeer.apk, au
com.wanghaus.remembeer.apk, com
com.wanghaus.remembeer.apk, org
com.wanghaus.remembeer.apk, twitter4jcom.wbrenna.gtfsoffline.apk, android
com.wbrenna.gtfsoffline.apk, comcom.weskenyon.bookmarkos.apk, android
com.weskenyon.bookmarkos.apk, comcom.wireguard.android.apk, android
com.wireguard.android.apk, androidx
com.wireguard.android.apk, com
com.wireguard.android.apk, java9
com.wireguard.android.apk, orgcom.wmstein.tourcount.apk, android
com.wmstein.tourcount.apk, comcom.wmstein.transektcount.apk, android
com.wmstein.transektcount.apk, com
com.wmstein.transektcount.apk, sheetrockcom.woefe.shoppinglist.apk, android
com.woefe.shoppinglist.apk, comcom.wolas.awesomewallpaper.apk, android
com.wolas.awesomewallpaper.apk, comcom.workingagenda.devinettes.apk, android
com.workingagenda.devinettes.apk, comcom.workingagenda.fissure.apk, android
com.workingagenda.fissure.apk, comcom.xargsgrep.portknocker.apk, android
com.xargsgrep.portknocker.apk, comcom.xperia64.timidityae.apk, android
com.xperia64.timidityae.apk, comcom.yubico.yubiclip.apk, comcom.yubico.yubioath.apk, a
com.yubico.yubioath.apk, android
com.yubico.yubioath.apk, b
com.yubico.yubioath.apk, com
com.yubico.yubioath.apk, nordpol
com.yubico.yubioath.apk, orgcom.zapta.apps.maniana.apk, android
com.zapta.apps.maniana.apk, com
com.zapta.apps.maniana.apk, javax
com.zapta.apps.maniana.apk, netcom.zoffcc.applications.metalab_open_widget.apk, android
com.zoffcc.applications.metalab_open_widget.apk, com
com.zoffcc.applications.metalab_open_widget.apk, okhttp3
com.zoffcc.applications.metalab_open_widget.apk, okiocom.zola.bmi.apk, android
com.zola.bmi.apk, androidx
com.zola.bmi.apk, comcom.zzzmode.appopsx.apk, a
com.zzzmode.appopsx.apk, android
com.zzzmode.appopsx.apk, com
com.zzzmode.appopsx.apk, orgcommunity.fairphone.checkup.apk, android
community.fairphone.checkup.apk, comcommunity.fairphone.clock.apk, android
community.fairphone.clock.apk, community
community.fairphone.clock.apk, orgcommunity.fairphone.launcher.apk, communitycommunity.fairphone.mycontacts.apk, android
community.fairphone.mycontacts.apk, comcommunity.peers.internetradio.apk, android
community.peers.internetradio.apk, com
community.peers.internetradio.apk, community
community.peers.internetradio.apk, orgcommunity.peers.license.apk, android
community.peers.license.apk, com
community.peers.license.apk, communitycri.sanity.apk, com
cri.sanity.apk, cricsd.qtproject.minesweeper.apk, csd
csd.qtproject.minesweeper.apk, orgcx.hell.android.pdfview.apk, cxcxa.gridwallpaper.apk, com
cxa.gridwallpaper.apk, cxa
cxa.gridwallpaper.apk, yukucxa.lineswallpaper.apk, com
cxa.lineswallpaper.apk, cxa
cxa.lineswallpaper.apk, yukucz.antecky.netswitch.apk, a
cz.antecky.netswitch.apk, czcz.harvie.northdog.apk, czcz.hejl.chesswalk.apk, czcz.jiriskorpil.amixerwebui.apk, android
cz.jiriskorpil.amixerwebui.apk, com
cz.jiriskorpil.amixerwebui.apk, czcz.jirkovsky.lukas.chmupocasi.apk, czcz.martykan.forecastie.apk, android
cz.martykan.forecastie.apk, com
cz.martykan.forecastie.apk, czcz.martykan.webtube.apk, a
cz.martykan.webtube.apk, android
cz.martykan.webtube.apk, androidx
cz.martykan.webtube.apk, b
cz.martykan.webtube.apk, czcz.nic.turris.apk, android
cz.nic.turris.apk, com
cz.nic.turris.apk, orgcz.romario.opensudoku.apk, czdamo.three.ie.apk, android
damo.three.ie.apk, com
damo.three.ie.apk, damo
damo.three.ie.apk, orgdaniel_32.flexiblewallpaper.apk, daniel_32de.antonarnold.android.xoverrideheadphonejackdetection.apk, android
de.antonarnold.android.xoverrideheadphonejackdetection.apk, androidx
de.antonarnold.android.xoverrideheadphonejackdetection.apk, dede.arnefeil.bewegungsmelder.apk, android
de.arnefeil.bewegungsmelder.apk, dede.arnowelzel.android.periodical.apk, android
de.arnowelzel.android.periodical.apk, androidx
de.arnowelzel.android.periodical.apk, dede.audioattack.openlink.apk, dede.baumann.thema.apk, android
de.baumann.thema.apk, com
de.baumann.thema.apk, dede.baumann.weather.apk, android
de.baumann.weather.apk, androidx
de.baumann.weather.apk, com
de.baumann.weather.apk, dede.bitsharesmunich.wallet.apk, com
de.bitsharesmunich.wallet.apk, de
de.bitsharesmunich.wallet.apk, nl
de.bitsharesmunich.wallet.apk, org
de.bitsharesmunich.wallet.apk, ukde.bjusystems.vdrmanager.apk, android
de.bjusystems.vdrmanager.apk, com
de.bjusystems.vdrmanager.apk, de
de.bjusystems.vdrmanager.apk, orgde.blau.android.apk, android
de.blau.android.apk, comde.blinkt.openvpn.apk, android
de.blinkt.openvpn.apk, androidx
de.blinkt.openvpn.apk, com
de.blinkt.openvpn.apk, de
de.blinkt.openvpn.apk, net
de.blinkt.openvpn.apk, orgde.blocklink.pigrid.apk, android
de.blocklink.pigrid.apk, androidx
de.blocklink.pigrid.apk, com
de.blocklink.pigrid.apk, de
de.blocklink.pigrid.apk, iode.chaosdorf.meteroid.apk, android
de.chaosdorf.meteroid.apk, com
de.chaosdorf.meteroid.apk, de
de.chaosdorf.meteroid.apk, okhttp3
de.chaosdorf.meteroid.apk, okio
de.chaosdorf.meteroid.apk, org
de.chaosdorf.meteroid.apk, retrofit2de.clemensbartz.android.launcher.apk, dede.cryptobitch.muelli.barcodegen.apk, android
de.cryptobitch.muelli.barcodegen.apk, com
de.cryptobitch.muelli.barcodegen.apk, dede.cwde.freeshisen.apk, android
de.cwde.freeshisen.apk, dede.cweiske.headphoneindicator.apk, dede.democracydeutschland.app.apk, android
de.democracydeutschland.app.apk, bolts
de.democracydeutschland.app.apk, com
de.democracydeutschland.app.apk, de
de.democracydeutschland.app.apk, javax
de.democracydeutschland.app.apk, okhttp3
de.democracydeutschland.app.apk, okio
de.democracydeutschland.app.apk, orgde.dotwee.micropinner.apk, a
de.dotwee.micropinner.apk, android
de.dotwee.micropinner.apk, dede.drhoffmannsoft.pizza.apk, dede.drhoffmannsoftware.calcvac.apk, dede.drhoffmannsoftware.xearth.apk, dede.duenndns.gmdice.apk, dede.fmaul.android.cmis.apk, de
de.fmaul.android.cmis.apk, orgde.grobox.blitzmail.apk, android
de.grobox.blitzmail.apk, androidx
de.grobox.blitzmail.apk, com
de.grobox.blitzmail.apk, de
de.grobox.blitzmail.apk, javax
de.grobox.blitzmail.apk, kotlin
de.grobox.blitzmail.apk, orgde.hoffmannsgimmicks.apk, dede.hoffmannsgimmickstaupunkt.apk, dede.hu_berlin.eduroam.apk, android
de.hu_berlin.eduroam.apk, dede.j4velin.pedometer.apk, a
de.j4velin.pedometer.apk, android
de.j4velin.pedometer.apk, de
de.j4velin.pedometer.apk, orgde.k3b.android.calendar.ics.adapter.apk, de
de.k3b.android.calendar.ics.adapter.apk, edu
de.k3b.android.calendar.ics.adapter.apk, net
de.k3b.android.calendar.ics.adapter.apk, orgde.k3b.android.contentproviderhelper.apk, android
de.k3b.android.contentproviderhelper.apk, com
de.k3b.android.contentproviderhelper.apk, dede.k4ever.k4android.apk, android
de.k4ever.k4android.apk, com
de.k4ever.k4android.apk, dede.koelle.christian.trickytripper.apk, a
de.koelle.christian.trickytripper.apk, android
de.koelle.christian.trickytripper.apk, androidx
de.koelle.christian.trickytripper.apk, b
de.koelle.christian.trickytripper.apk, de
de.koelle.christian.trickytripper.apk, okiode.kromke.andreas.mediascanner.apk, android
de.kromke.andreas.mediascanner.apk, dede.lisas.alex.runuserinit.apk, dede.lsubel.amam.apk, de
de.lsubel.amam.apk, orgde.mangelow.balance.apk, com
de.mangelow.balance.apk, dede.mangelow.network.apk, dede.mangelow.syncwifi.apk, dede.mangelow.throughput.apk, dede.markusfisch.android.shadereditor.apk, android
de.markusfisch.android.shadereditor.apk, dede.onyxbits.sensorreadout.apk, de
de.onyxbits.sensorreadout.apk, orgdk.kjeldsen.carwingsflutter.apk, $r8$twr$utility.class
dk.kjeldsen.carwingsflutter.apk, $r8$twr$utility.java
dk.kjeldsen.carwingsflutter.apk, androidx
dk.kjeldsen.carwingsflutter.apk, co
dk.kjeldsen.carwingsflutter.apk, com
dk.kjeldsen.carwingsflutter.apk, dk
dk.kjeldsen.carwingsflutter.apk, io
dk.kjeldsen.carwingsflutter.apk, kotlin
dk.kjeldsen.carwingsflutter.apk, okhttp3
dk.kjeldsen.carwingsflutter.apk, okio
dk.kjeldsen.carwingsflutter.apk, orgeu.pretix.pretixdroid.apk, android
eu.pretix.pretixdroid.apk, com
eu.pretix.pretixdroid.apk, eu
eu.pretix.pretixdroid.apk, io
eu.pretix.pretixdroid.apk, javax
eu.pretix.pretixdroid.apk, me
eu.pretix.pretixdroid.apk, okhttp3
eu.pretix.pretixdroid.apk, okio
eu.pretix.pretixdroid.apk, orgeu.veldsoft.fish.rings.apk, android
eu.veldsoft.fish.rings.apk, eueu.veldsoft.scribe4.apk, android
eu.veldsoft.scribe4.apk, eueu.veldsoft.svarka.odds.calculator.apk, android
eu.veldsoft.svarka.odds.calculator.apk, eufelixwiemuth.lincal.apk, android
felixwiemuth.lincal.apk, ch
felixwiemuth.lincal.apk, com
felixwiemuth.lincal.apk, de
felixwiemuth.lincal.apk, felixwiemuth
felixwiemuth.lincal.apk, javax
felixwiemuth.lincal.apk, orgfr.hnit.babyname.apk, android
fr.hnit.babyname.apk, frfr.simon.marquis.secretcodes.apk, android
fr.simon.marquis.secretcodes.apk, com
fr.simon.marquis.secretcodes.apk, frgit.rrgb.kinolog.apk, android
git.rrgb.kinolog.apk, butterknife
git.rrgb.kinolog.apk, com
git.rrgb.kinolog.apk, git
git.rrgb.kinolog.apk, okhttp3
git.rrgb.kinolog.apk, okio
git.rrgb.kinolog.apk, org
git.rrgb.kinolog.apk, retrofit2gr.ratmole.android.Mach3Pendant.apk, android
gr.ratmole.android.Mach3Pendant.apk, com
gr.ratmole.android.Mach3Pendant.apk, gr
gr.ratmole.android.Mach3Pendant.apk, orghr.kravarscan.enchantedfortress.apk, hrin.shick.lockpatterngenerator.apk, android
in.shick.lockpatterngenerator.apk, ininfo.aario.mywifipasswords.apk, androidinfo.lamatricexiste.network.apk, infoio.github.sanbeg.flashlight.apk, ioio.github.subhamtyagi.openinwhatsapp.apk, android
io.github.subhamtyagi.openinwhatsapp.apk, androidx
io.github.subhamtyagi.openinwhatsapp.apk, com
io.github.subhamtyagi.openinwhatsapp.apk, ioio.github.tiagoshibata.gpsdclient.apk, ioio.github.tjg1.nori.apk, android
io.github.tjg1.nori.apk, com
io.github.tjg1.nori.apk, io
io.github.tjg1.nori.apk, org
io.github.tjg1.nori.apk, ukio.pslab.apk, androidir.hsn6.k2.apk, android
ir.hsn6.k2.apk, com
ir.hsn6.k2.apk, orgit.lucci.cm.greyscaletheme.apk, itit.mn.salvi.linuxDayOSM.apk, android
it.mn.salvi.linuxDayOSM.apk, itit.reyboz.bustorino.apk, android
it.reyboz.bustorino.apk, com
it.reyboz.bustorino.apk, it
it.reyboz.bustorino.apk, orgjpf.android.magiadni.apk, android
jpf.android.magiadni.apk, jpfkmac.dejavu_fonts.apk, kmacme.anon.grow.apk, androidme.murks.filmchecker.apk, android
me.murks.filmchecker.apk, androidx
me.murks.filmchecker.apk, com
me.murks.filmchecker.apk, javax
me.murks.filmchecker.apk, me
me.murks.filmchecker.apk, orgme.shrimadhavuk.watransmitter.apk, android
me.shrimadhavuk.watransmitter.apk, androidx
me.shrimadhavuk.watransmitter.apk, com
me.shrimadhavuk.watransmitter.apk, deme.tsukanov.counter.apk, androidmobi.omegacentauri.SendReduced.apk, mobiname.seguri.android.isphoneencrypted.apk, android
name.seguri.android.isphoneencrypted.apk, namenet.asceai.meritous.apk, netnet.gsantner.markor.apk, android
net.gsantner.markor.apk, androidx
net.gsantner.markor.apk, butterknife
net.gsantner.markor.apk, com
net.gsantner.markor.apk, net
net.gsantner.markor.apk, org
net.gsantner.markor.apk, othernet.healeys.lexic.apk, netnet.kervala.comicsreader.apk, netnet.micode.compass.apk, netnet.osmand.plus.apk, alice
net.osmand.plus.apk, android
net.osmand.plus.apk, androidx
net.osmand.plus.apk, bsh
net.osmand.plus.apk, btools
net.osmand.plus.apk, com
net.osmand.plus.apk, gnunet.pp3345.ykdroid.apk, netnet.sourceforge.x11basic.apk, netnet.sylvek.sharemyposition.apk, net
net.sylvek.sharemyposition.apk, orgnet.szym.barnacle.apk, netnet.tapi.handynotes.apk, android
net.tapi.handynotes.apk, netnet.tedstein.AndroSS.apk, android
net.tedstein.AndroSS.apk, netnet.tevp.postcode.apk, netnet.thauvin.erik.android.noussd.apk, android
net.thauvin.erik.android.noussd.apk, netnet.yolosec.routerkeygen2.apk, android
net.yolosec.routerkeygen2.apk, com
net.yolosec.routerkeygen2.apk, it
net.yolosec.routerkeygen2.apk, orgnl.asymmetrics.droidshows.apk, nl
nl.asymmetrics.droidshows.apk, orgnl.implode.regenalarm.apk, nl
nl.implode.regenalarm.apk, orgno.rkkc.bysykkel.apk, android
no.rkkc.bysykkel.apk, com
no.rkkc.bysykkel.apk, nonodom.darkfm.inventoryguimobile.apk, android
nodom.darkfm.inventoryguimobile.apk, nodomnu.firetech.android.pactrack.apk, com
nu.firetech.android.pactrack.apk, nuohm.quickdice.apk, a
ohm.quickdice.apk, android
ohm.quickdice.apk, b
ohm.quickdice.apk, kankan
ohm.quickdice.apk, ohmorg.adw.launcher.apk, com
org.adw.launcher.apk, mobi
org.adw.launcher.apk, orgorg.androidsoft.games.memory.kids.apk, orgorg.anothermonitor.apk, com
org.anothermonitor.apk, orgorg.asnelt.derandom.apk, android
org.asnelt.derandom.apk, androidx
org.asnelt.derandom.apk, orgorg.bc_bd.mrwhite.apk, android
org.bc_bd.mrwhite.apk, orgorg.beide.bomber.apk, android
org.beide.bomber.apk, orgorg.bienvenidoainternet.app.apk, android
org.bienvenidoainternet.app.apk, com
org.bienvenidoainternet.app.apk, junit
org.bienvenidoainternet.app.apk, layout
org.bienvenidoainternet.app.apk, org
org.bienvenidoainternet.app.apk, pl
org.bienvenidoainternet.app.apk, utilsorg.billthefarmer.crossword.apk, orgorg.billthefarmer.currency.apk, com
org.billthefarmer.currency.apk, orgorg.billthefarmer.diary.apk, android
org.billthefarmer.diary.apk, com
org.billthefarmer.diary.apk, orgorg.billthefarmer.editor.apk, android
org.billthefarmer.editor.apk, com
org.billthefarmer.editor.apk, orgorg.billthefarmer.melodeon.apk, orgorg.billthefarmer.scope.apk, orgorg.billthefarmer.shorty.apk, com
org.billthefarmer.shorty.apk, orgorg.billthefarmer.siggen.apk, orgorg.billthefarmer.tuner.apk, orgorg.bitbatzen.wlanscanner.apk, orgorg.bitbucket.tickytacky.mirrormirror.apk, orgorg.blockinger.game.apk, android
org.blockinger.game.apk, orgorg.coolreader.apk, com
org.coolreader.apk, de
org.coolreader.apk, orgorg.damazio.notifier.apk, com
org.damazio.notifier.apk, orgorg.developfreedom.wordpowermadeeasy.apk, android
org.developfreedom.wordpowermadeeasy.apk, butterknife
org.developfreedom.wordpowermadeeasy.apk, orgorg.dmfs.tasks.apk, a
org.dmfs.tasks.apk, android
org.dmfs.tasks.apk, com
org.dmfs.tasks.apk, orgorg.dnaq.dialer2.apk, orgorg.droidseries.apk, orgorg.droidtr.keyboard.apk, orgorg.dyndns.fules.ck.apk, android
org.dyndns.fules.ck.apk, orgorg.dyndns.sven_ola.debian_kit.apk, android
org.dyndns.sven_ola.debian_kit.apk, orgorg.eehouse.android.xw4.apk, android
org.eehouse.android.xw4.apk, orgorg.epstudios.morbidmeter.apk, orgorg.example.pushupbuddy.apk, orgorg.example.rosary.apk, com
org.example.rosary.apk, orgorg.fdroid.fdroid.privileged.apk, android
org.fdroid.fdroid.privileged.apk, orgorg.fitchfamily.android.dejavu.apk, android
org.fitchfamily.android.dejavu.apk, orgorg.gateshipone.odyssey.apk, android
org.gateshipone.odyssey.apk, androidx
org.gateshipone.odyssey.apk, com
org.gateshipone.odyssey.apk, orgorg.gittner.osmbugs.apk, android
org.gittner.osmbugs.apk, androidx
org.gittner.osmbugs.apk, com
org.gittner.osmbugs.apk, okhttp3
org.gittner.osmbugs.apk, okio
org.gittner.osmbugs.apk, org
org.gittner.osmbugs.apk, timberorg.herrlado.ask.languagepack.czech.apk, com
org.herrlado.ask.languagepack.czech.apk, orgorg.itishka.pointim.apk, android
org.itishka.pointim.apk, com
org.itishka.pointim.apk, jp
org.itishka.pointim.apk, me
org.itishka.pointim.apk, okio
org.itishka.pointim.apk, org
org.itishka.pointim.apk, retrofit
org.itishka.pointim.apk, roboguice
org.itishka.pointim.apk, ukorg.jak_linux.dns66.apk, android
org.jak_linux.dns66.apk, androidx
org.jak_linux.dns66.apk, com
org.jak_linux.dns66.apk, dig.class
org.jak_linux.dns66.apk, jnamed$1.class
org.jak_linux.dns66.apk, jnamed$2.class
org.jak_linux.dns66.apk, jnamed$3.class
org.jak_linux.dns66.apk, jnamed.class
org.jak_linux.dns66.apk, lookup.class
org.jak_linux.dns66.apk, org
org.jak_linux.dns66.apk, update.classorg.jschwab.openrecipes.apk, orgorg.jsl.shmp.apk, orgorg.jsl.wfwt.apk, orgorg.kiwix.kiwixmobile.apk, android
org.kiwix.kiwixmobile.apk, butterknife
org.kiwix.kiwixmobile.apk, com
org.kiwix.kiwixmobile.apk, dagger
org.kiwix.kiwixmobile.apk, eu
org.kiwix.kiwixmobile.apk, io
org.kiwix.kiwixmobile.apk, javax
org.kiwix.kiwixmobile.apk, kiwix
org.kiwix.kiwixmobile.apk, okhttp3
org.kiwix.kiwixmobile.apk, okio
org.kiwix.kiwixmobile.apk, org
org.kiwix.kiwixmobile.apk, retrofit2org.ligi.materialteatimer.apk, android
org.ligi.materialteatimer.apk, com
org.ligi.materialteatimer.apk, kotlin
org.ligi.materialteatimer.apk, orgorg.miamplayer.autoairplanemode.apk, android
org.miamplayer.autoairplanemode.apk, orgorg.microg.nlp.backend.apple.apk, com
org.microg.nlp.backend.apple.apk, microsoft
org.microg.nlp.backend.apple.apk, okio
org.microg.nlp.backend.apple.apk, orgorg.microg.nlp.backend.ichnaea.apk, orgorg.openintents.notepad.apk, android
org.openintents.notepad.apk, orgorg.osmocom.tacdatabaseclient.apk, android
org.osmocom.tacdatabaseclient.apk, orgorg.penghuang.tools.rotationlock.apk, orgorg.pocketworkstation.pckeyboard.apk, android
org.pocketworkstation.pckeyboard.apk, com
org.pocketworkstation.pckeyboard.apk, orgorg.projectmaxs.module.contactsread.apk, eu
org.projectmaxs.module.contactsread.apk, orgorg.quantumbadger.redreader.apk, android
org.quantumbadger.redreader.apk, androidx
org.quantumbadger.redreader.apk, com
org.quantumbadger.redreader.apk, info
org.quantumbadger.redreader.apk, jp
org.quantumbadger.redreader.apk, okhttp3
org.quantumbadger.redreader.apk, okio
org.quantumbadger.redreader.apk, orgorg.schabi.stethox.apk, comorg.secuso.privacyfriendlyboardgameclock.apk, android
org.secuso.privacyfriendlyboardgameclock.apk, com
org.secuso.privacyfriendlyboardgameclock.apk, orgorg.shortcuts.apk, android
org.shortcuts.apk, orgorg.smblott.intentradio.apk, orgorg.sufficientlysecure.keychain.apk, android
org.sufficientlysecure.keychain.apk, androidx
org.sufficientlysecure.keychain.apk, com
org.sufficientlysecure.keychain.apk, de
org.sufficientlysecure.keychain.apk, edu
org.sufficientlysecure.keychain.apk, eu
org.sufficientlysecure.keychain.apk, fr
org.sufficientlysecure.keychain.apk, nordpol
org.sufficientlysecure.keychain.apk, okhttp3
org.sufficientlysecure.keychain.apk, okio
org.sufficientlysecure.keychain.apk, org
org.sufficientlysecure.keychain.apk, timberorg.surrel.facebooknotifications.apk, orgorg.surrel.messengerbypasser.apk, orgorg.uaraven.e.apk, orgorg.us.andriod.apk, android
org.us.andriod.apk, orgorg.videolan.vlc.apk, android
org.videolan.vlc.apk, androidx
org.videolan.vlc.apk, com
org.videolan.vlc.apk, kotlin
org.videolan.vlc.apk, kotlinx
org.videolan.vlc.apk, okhttp3
org.videolan.vlc.apk, okio
org.videolan.vlc.apk, org
org.videolan.vlc.apk, retrofit2
org.videolan.vlc.apk, videolanorg.vudroid.apk, android
org.vudroid.apk, androidx
org.vudroid.apk, be
org.vudroid.apk, com
org.vudroid.apk, kotlin
org.vudroid.apk, kotlinx
org.vudroid.apk, q
org.vudroid.apk, timberorg.witness.sscphase1.apk, android
org.witness.sscphase1.apk, com
org.witness.sscphase1.apk, edu
org.witness.sscphase1.apk, javax
org.witness.sscphase1.apk, okhttp3
org.witness.sscphase1.apk, okio
org.witness.sscphase1.apk, orgorg.y20k.transistor.apk, android
org.y20k.transistor.apk, com
org.y20k.transistor.apk, sheetrockorg.zephyrsoft.sdbviewer.apk, android
org.zephyrsoft.sdbviewer.apk, com
org.zephyrsoft.sdbviewer.apk, junit
org.zephyrsoft.sdbviewer.apk, orgprotect.gift_card_guard.apk, android
protect.gift_card_guard.apk, com
protect.gift_card_guard.apk, protectru.henridellal.emerald.apk, com
ru.henridellal.emerald.apk, ruryey.camcov.apk, android
ryey.camcov.apk, ryeyse.tube42.kidsmem.android.apk, com
se.tube42.kidsmem.android.apk, sesun.bob.leela.apk, android
sun.bob.leela.apk, com
sun.bob.leela.apk, de
sun.bob.leela.apk, io
sun.bob.leela.apk, mehdi
sun.bob.leela.apk, suntkj.android.homecontrol.mythmote.apk, android
tkj.android.homecontrol.mythmote.apk, tkjuk.co.bitethebullet.android.token.apk, ukuk.co.busydoingnothing.catverbs.apk, android
uk.co.busydoingnothing.catverbs.apk, ukvu.de.urpool.quickdroid.apk, android
vu.de.urpool.quickdroid.apk, vuwsdfhjxc.taponium.apk, wsdfhjxcxyz.iridiumion.plucklockex.apk, android
xyz.iridiumion.plucklockex.apk, xyzndroid
com.chanapps.four.activity.apk, com
com.chanapps.four.activity.apk, org
com.chanapps.four.activity.apk, ukcom.ciarang.tallyphant.apk, comcom.cityfreqs.littlesirecho.apk, android
com.cityfreqs.littlesirecho.apk, comcom.cityzen.cityzen.apk, android
com.cityzen.cityzen.apk, androidx
com.cityzen.cityzen.apk, com
com.cityzen.cityzen.apk, de
com.cityzen.cityzen.apk, info
com.cityzen.cityzen.apk, io
com.cityzen.cityzen.apk, oauth
com.cityzen.cityzen.apk, okhttp3
com.cityzen.cityzen.apk, okio
com.cityzen.cityzen.apk, org
com.cityzen.cityzen.apk, pub
com.cityzen.cityzen.apk, retrofit2com.cleveroad.sample.apk, android
com.cleveroad.sample.apk, butterknife
com.cleveroad.sample.apk, com
com.cleveroad.sample.apk, jpcom.coboltforge.dontmind.multivnc.apk, com
com.coboltforge.dontmind.multivnc.apk, javaxcom.commit451.gitlab.apk, android
com.commit451.gitlab.apk, androidx
com.commit451.gitlab.apk, butterknife
com.commit451.gitlab.apk, com
com.commit451.gitlab.apk, de
com.commit451.gitlab.apk, io
com.commit451.gitlab.apk, kotlin
com.commit451.gitlab.apk, me
com.commit451.gitlab.apk, okhttp3
com.commit451.gitlab.apk, okio
com.commit451.gitlab.apk, org
com.commit451.gitlab.apk, pl
com.commit451.gitlab.apk, retrofit2
com.commit451.gitlab.apk, timbercom.commonslab.commonslab.apk, android
com.commonslab.commonslab.apk, apiwrapper
com.commonslab.commonslab.apk, com
com.commonslab.commonslab.apk, junit
com.commonslab.commonslab.apk, net
com.commonslab.commonslab.apk, okhttp3
com.commonslab.commonslab.apk, okio
com.commonslab.commonslab.apk, org
com.commonslab.commonslab.apk, pub
com.commonslab.commonslab.apk, topcom.commonsware.android.arXiv.apk, android
com.commonsware.android.arXiv.apk, comcom.controlloid.apk, android
com.controlloid.apk, androidx
com.controlloid.apk, bolts
com.controlloid.apk, com
com.controlloid.apk, javax
com.controlloid.apk, okhttp3
com.controlloid.apk, okio
com.controlloid.apk, orgcom.corphish.nightlight.generic.apk, android
com.corphish.nightlight.generic.apk, androidx
com.corphish.nightlight.generic.apk, com
com.corphish.nightlight.generic.apk, eu
com.corphish.nightlight.generic.apk, kotlin
com.corphish.nightlight.generic.apk, orgcom.corvettecole.gotosleep.apk, a
com.corvettecole.gotosleep.apk, android
com.corvettecole.gotosleep.apk, androidx
com.corvettecole.gotosleep.apk, comcom.coste.syncorg.apk, android
com.coste.syncorg.apk, orgcom.cradle.iitc_mobile.apk, android
com.cradle.iitc_mobile.apk, comcom.crazyhitty.chdev.ks.munch.apk, android
com.crazyhitty.chdev.ks.munch.apk, butterknife
com.crazyhitty.chdev.ks.munch.apk, com
com.crazyhitty.chdev.ks.munch.apk, io
com.crazyhitty.chdev.ks.munch.apk, me
com.crazyhitty.chdev.ks.munch.apk, okhttp3
com.crazyhitty.chdev.ks.munch.apk, okio
com.crazyhitty.chdev.ks.munch.apk, orgcom.davidshewitt.admincontrol.apk, android
com.davidshewitt.admincontrol.apk, comcom.derek_s.hubble_gallery.apk, android
com.derek_s.hubble_gallery.apk, butterknife
com.derek_s.hubble_gallery.apk, com
com.derek_s.hubble_gallery.apk, dagger
com.derek_s.hubble_gallery.apk, fr
com.derek_s.hubble_gallery.apk, javax
com.derek_s.hubble_gallery.apk, kotlin
com.derek_s.hubble_gallery.apk, me
com.derek_s.hubble_gallery.apk, orgcom.dfa.hubzilla_android.apk, android
com.dfa.hubzilla_android.apk, androidx
com.dfa.hubzilla_android.apk, butterknife
com.dfa.hubzilla_android.apk, com
com.dfa.hubzilla_android.apk, info
com.dfa.hubzilla_android.apk, net
com.dfa.hubzilla_android.apk, uzcom.dftec.planetcon.apk, comcom.dfzlv.gjjlt.caramelos.apk, comcom.digitalfishfun.openshift.apk, android
com.digitalfishfun.openshift.apk, comcom.digitallizard.nicecompass.apk, android
com.digitallizard.nicecompass.apk, comcom.dimtion.shaarlier.apk, android
com.dimtion.shaarlier.apk, androidx
com.dimtion.shaarlier.apk, com
com.dimtion.shaarlier.apk, orgcom.dirkgassen.wator.apk, android
com.dirkgassen.wator.apk, comcom.dkanada.chip.apk, android
com.dkanada.chip.apk, com
com.dkanada.chip.apk, rucom.dkanada.icecons.apk, android
com.dkanada.icecons.apk, androidx
com.dkanada.icecons.apk, comcom.doomy.torch.apk, comcom.dozingcatsoftware.asciicam.apk, android
com.dozingcatsoftware.asciicam.apk, comcom.dozingcatsoftware.cameratimer.apk, android
com.dozingcatsoftware.cameratimer.apk, comcom.enrico.filemanager.apk, comcom.enrico.sample.apk, androidcom.evancharlton.mileage.apk, android
com.evancharlton.mileage.apk, au
com.evancharlton.mileage.apk, comcom.everysoft.autoanswer.apk, android
com.everysoft.autoanswer.apk, comcom.example.android.maxpapers.apk, comcom.example.muzei.muzeiapod.apk, android
com.example.muzei.muzeiapod.apk, com
com.example.muzei.muzeiapod.apk, orgcom.fake.android.torchlight.apk, androidcom.foxykeep.lifecounter.apk, comcom.fr3ts0n.androbd.plugin.mqtt.apk, com
com.fr3ts0n.androbd.plugin.mqtt.apk, orgcom.fullscreen.apk, android
com.fullscreen.apk, comcom.futurice.android.reservator.apk, comcom.gabm.screenrotationcontrol.apk, android
com.gabm.screenrotationcontrol.apk, comcom.github.axet.darknessimmunity.apk, android
com.github.axet.darknessimmunity.apk, com
com.github.axet.darknessimmunity.apk, cz
com.github.axet.darknessimmunity.apk, orgcom.github.axet.hourlyreminder.apk, android
com.github.axet.hourlyreminder.apk, com
com.github.axet.hourlyreminder.apk, cz
com.github.axet.hourlyreminder.apk, orgcom.github.postapczuk.lalauncher.apk, com
com.github.postapczuk.lalauncher.apk, java8com.gmail.afonsotrepa.pocketgopher.apk, android
com.gmail.afonsotrepa.pocketgopher.apk, comcom.google.android.gms.apk, android
com.google.android.gms.apk, com
com.google.android.gms.apk, orgcom.google.code.appsorganizer.apk, com
com.google.code.appsorganizer.apk, gnucom.haha01haha01.harail.apk, android
com.haha01haha01.harail.apk, com
com.haha01haha01.harail.apk, orgcom.holokenmod.apk, comcom.indieweb.indigenous.apk, android
com.indieweb.indigenous.apk, androidx
com.indieweb.indigenous.apk, com
com.indieweb.indigenous.apk, orgcom.jorgecastillo.kanadrill.apk, comcom.jtechme.jumpgo.apk, a
com.jtechme.jumpgo.apk, android
com.jtechme.jumpgo.apk, b
com.jtechme.jumpgo.apk, butterknife
com.jtechme.jumpgo.apk, c
com.jtechme.jumpgo.apk, com
com.jtechme.jumpgo.apk, net
com.jtechme.jumpgo.apk, orgcom.kaliturin.blacklist.apk, android
com.kaliturin.blacklist.apk, comcom.khuttun.notificationnotes.apk, android
com.khuttun.notificationnotes.apk, comcom.kn.paper_foss_theme.apk, android
com.kn.paper_foss_theme.apk, androidx
com.kn.paper_foss_theme.apk, comcom.marceljurtz.lifecounter.apk, android
com.marceljurtz.lifecounter.apk, comcom.miqote.shanawp.apk, android
com.miqote.shanawp.apk, comcom.mitzuli.apk, android
com.mitzuli.apk, com
com.mitzuli.apk, de
com.mitzuli.apk, orgcom.movim.movim.apk, android
com.movim.movim.apk, comcom.nexes.manager.apk, comcom.oakley.fon.apk, android
com.oakley.fon.apk, comcom.prangesoftwaresolutions.audioanchor.apk, android
com.prangesoftwaresolutions.audioanchor.apk, comcom.primokorn.enhancement.apk, comcom.quaap.phonefonefun.apk, comcom.rascarlo.arch.packages.apk, android
com.rascarlo.arch.packages.apk, androidx
com.rascarlo.arch.packages.apk, com
com.rascarlo.arch.packages.apk, okhttp3
com.rascarlo.arch.packages.apk, okio
com.rascarlo.arch.packages.apk, retrofit2com.saladdressing.veterondo.apk, android
com.saladdressing.veterondo.apk, com
com.saladdressing.veterondo.apk, retrofitcom.samebits.beacon.locator.apk, android
com.samebits.beacon.locator.apk, androidx
com.samebits.beacon.locator.apk, butterknife
com.samebits.beacon.locator.apk, com
com.samebits.beacon.locator.apk, dagger
com.samebits.beacon.locator.apk, javax
com.samebits.beacon.locator.apk, net
com.samebits.beacon.locator.apk, orgcom.shkmishra.lyrically.apk, android
com.shkmishra.lyrically.apk, com
com.shkmishra.lyrically.apk, kotlin
com.shkmishra.lyrically.apk, kotlinx
com.shkmishra.lyrically.apk, orgcom.simplemobiletools.calendar.pro.apk, android
com.simplemobiletools.calendar.pro.apk, decom.sunyata.kindmind.apk, android
com.sunyata.kindmind.apk, androidx
com.sunyata.kindmind.apk, comcom.suyashsrijan.forcedoze.apk, android
com.suyashsrijan.forcedoze.apk, androidx
com.suyashsrijan.forcedoze.apk, com
com.suyashsrijan.forcedoze.apk, de
com.suyashsrijan.forcedoze.apk, eu
com.suyashsrijan.forcedoze.apk, javax
com.suyashsrijan.forcedoze.apk, mecom.tananaev.calculator.apk, android
com.tananaev.calculator.apk, androidx
com.tananaev.calculator.apk, comcom.theworld.help.cbtandroid.apk, android
com.theworld.help.cbtandroid.apk, androidx
com.theworld.help.cbtandroid.apk, comcom.tomer.draw.apk, a
com.tomer.draw.apk, android
com.tomer.draw.apk, com
com.tomer.draw.apk, mecom.tomer.screenshotsharer.apk, android
com.tomer.screenshotsharer.apk, com
com.tomer.screenshotsharer.apk, kotlin
com.tomer.screenshotsharer.apk, orgcom.tutpro.baresip.apk, android
com.tutpro.baresip.apk, androidx
com.tutpro.baresip.apk, com
com.tutpro.baresip.apk, kotlin
com.tutpro.baresip.apk, orgcom.ultrafunk.network_info.apk, android
com.ultrafunk.network_info.apk, comcom.ultramegasoft.flavordex2.apk, android
com.ultramegasoft.flavordex2.apk, comcom.ultramegatech.ey.apk, android
com.ultramegatech.ey.apk, androidx
com.ultramegatech.ey.apk, comcom.uploadedlobster.PwdHash.apk, android
com.uploadedlobster.PwdHash.apk, comcom.utyf.pmetro.apk, android
com.utyf.pmetro.apk, com
com.utyf.pmetro.apk, orgcom.vackosar.searchbasedlauncher.apk, AnnotationDatabaseImpl.java
com.vackosar.searchbasedlauncher.apk, roboguicecom.veniosg.dir.apk, a
com.veniosg.dir.apk, android
com.veniosg.dir.apk, com
com.veniosg.dir.apk, orgcom.vgorcum.minedmonero.apk, android
com.vgorcum.minedmonero.apk, comcom.vlath.beheexplorer.apk, a
com.vlath.beheexplorer.apk, android
com.vlath.beheexplorer.apk, b
com.vlath.beheexplorer.apk, comcom.vlath.keyboard.apk, android
com.vlath.keyboard.apk, comcom.voidcode.diasporawebclient.apk, com
com.voidcode.diasporawebclient.apk, orgcom.volosyukivan.apk, comcom.vonglasow.michael.satstat.apk, android
com.vonglasow.michael.satstat.apk, com
com.vonglasow.michael.satstat.apk, org
com.vonglasow.michael.satstat.apk, pl
com.vonglasow.michael.satstat.apk, ukcom.vuze.android.remote.apk, android
com.vuze.android.remote.apk, androidx
com.vuze.android.remote.apk, be
com.vuze.android.remote.apk, com
com.vuze.android.remote.apk, kotlin
com.vuze.android.remote.apk, kotlinx
com.vuze.android.remote.apk, q
com.vuze.android.remote.apk, timbercom.vwp.owmap.apk, comcom.vwp.owmini.apk, android
com.vwp.owmini.apk, comcom.waist.line.apk, android
com.waist.line.apk, barcodescanner
com.waist.line.apk, com
com.waist.line.apk, openscale
com.waist.line.apk, orgcom.wangdaye.mysplash.apk, android
com.wangdaye.mysplash.apk, androidx
com.wangdaye.mysplash.apk, butterknife
com.wangdaye.mysplash.apk, com
com.wangdaye.mysplash.apk, okhttp3
com.wangdaye.mysplash.apk, okio
com.wangdaye.mysplash.apk, org
com.wangdaye.mysplash.apk, retrofit2com.wanghaus.remembeer.apk, au
com.wanghaus.remembeer.apk, com
com.wanghaus.remembeer.apk, org
com.wanghaus.remembeer.apk, twitter4jcom.wbrenna.gtfsoffline.apk, android
com.wbrenna.gtfsoffline.apk, comcom.weskenyon.bookmarkos.apk, android
com.weskenyon.bookmarkos.apk, comcom.wireguard.android.apk, android
com.wireguard.android.apk, androidx
com.wireguard.android.apk, com
com.wireguard.android.apk, java9
com.wireguard.android.apk, orgcom.wmstein.tourcount.apk, android
com.wmstein.tourcount.apk, comcom.wmstein.transektcount.apk, android
com.wmstein.transektcount.apk, com
com.wmstein.transektcount.apk, sheetrockcom.woefe.shoppinglist.apk, android
com.woefe.shoppinglist.apk, comcom.wolas.awesomewallpaper.apk, android
com.wolas.awesomewallpaper.apk, comcom.workingagenda.devinettes.apk, android
com.workingagenda.devinettes.apk, comcom.workingagenda.fissure.apk, android
com.workingagenda.fissure.apk, comcom.xargsgrep.portknocker.apk, android
com.xargsgrep.portknocker.apk, comcom.xperia64.timidityae.apk, android
com.xperia64.timidityae.apk, comcom.yubico.yubiclip.apk, comcom.yubico.yubioath.apk, a
com.yubico.yubioath.apk, android
com.yubico.yubioath.apk, b
com.yubico.yubioath.apk, com
com.yubico.yubioath.apk, nordpol
com.yubico.yubioath.apk, orgcom.zapta.apps.maniana.apk, android
com.zapta.apps.maniana.apk, com
com.zapta.apps.maniana.apk, javax
com.zapta.apps.maniana.apk, netcom.zoffcc.applications.metalab_open_widget.apk, android
com.zoffcc.applications.metalab_open_widget.apk, com
com.zoffcc.applications.metalab_open_widget.apk, okhttp3
com.zoffcc.applications.metalab_open_widget.apk, okiocom.zola.bmi.apk, android
com.zola.bmi.apk, androidx
com.zola.bmi.apk, comcom.zzzmode.appopsx.apk, a
com.zzzmode.appopsx.apk, android
com.zzzmode.appopsx.apk, com
com.zzzmode.appopsx.apk, orgcommunity.fairphone.checkup.apk, android
community.fairphone.checkup.apk, comcommunity.fairphone.clock.apk, android
community.fairphone.clock.apk, community
community.fairphone.clock.apk, orgcommunity.fairphone.launcher.apk, communitycommunity.fairphone.mycontacts.apk, android
community.fairphone.mycontacts.apk, comcommunity.peers.internetradio.apk, android
community.peers.internetradio.apk, com
community.peers.internetradio.apk, community
community.peers.internetradio.apk, orgcommunity.peers.license.apk, android
community.peers.license.apk, com
community.peers.license.apk, communitycri.sanity.apk, com
cri.sanity.apk, cricsd.qtproject.minesweeper.apk, csd
csd.qtproject.minesweeper.apk, orgcx.hell.android.pdfview.apk, cxcxa.gridwallpaper.apk, com
cxa.gridwallpaper.apk, cxa
cxa.gridwallpaper.apk, yukucxa.lineswallpaper.apk, com
cxa.lineswallpaper.apk, cxa
cxa.lineswallpaper.apk, yukucz.antecky.netswitch.apk, a
cz.antecky.netswitch.apk, czcz.harvie.northdog.apk, czcz.hejl.chesswalk.apk, czcz.jiriskorpil.amixerwebui.apk, android
cz.jiriskorpil.amixerwebui.apk, com
cz.jiriskorpil.amixerwebui.apk, czcz.jirkovsky.lukas.chmupocasi.apk, czcz.martykan.forecastie.apk, android
cz.martykan.forecastie.apk, com
cz.martykan.forecastie.apk, czcz.martykan.webtube.apk, a
cz.martykan.webtube.apk, android
cz.martykan.webtube.apk, androidx
cz.martykan.webtube.apk, b
cz.martykan.webtube.apk, czcz.nic.turris.apk, android
cz.nic.turris.apk, com
cz.nic.turris.apk, orgcz.romario.opensudoku.apk, czdamo.three.ie.apk, android
damo.three.ie.apk, com
damo.three.ie.apk, damo
damo.three.ie.apk, orgdaniel_32.flexiblewallpaper.apk, daniel_32de.antonarnold.android.xoverrideheadphonejackdetection.apk, android
de.antonarnold.android.xoverrideheadphonejackdetection.apk, androidx
de.antonarnold.android.xoverrideheadphonejackdetection.apk, dede.arnefeil.bewegungsmelder.apk, android
de.arnefeil.bewegungsmelder.apk, dede.arnowelzel.android.periodical.apk, android
de.arnowelzel.android.periodical.apk, androidx
de.arnowelzel.android.periodical.apk, dede.audioattack.openlink.apk, dede.baumann.thema.apk, android
de.baumann.thema.apk, com
de.baumann.thema.apk, dede.baumann.weather.apk, android
de.baumann.weather.apk, androidx
de.baumann.weather.apk, com
de.baumann.weather.apk, dede.bitsharesmunich.wallet.apk, com
de.bitsharesmunich.wallet.apk, de
de.bitsharesmunich.wallet.apk, nl
de.bitsharesmunich.wallet.apk, org
de.bitsharesmunich.wallet.apk, ukde.bjusystems.vdrmanager.apk, android
de.bjusystems.vdrmanager.apk, com
de.bjusystems.vdrmanager.apk, de
de.bjusystems.vdrmanager.apk, orgde.blau.android.apk, android
de.blau.android.apk, comde.blinkt.openvpn.apk, android
de.blinkt.openvpn.apk, androidx
de.blinkt.openvpn.apk, com
de.blinkt.openvpn.apk, de
de.blinkt.openvpn.apk, net
de.blinkt.openvpn.apk, orgde.blocklink.pigrid.apk, android
de.blocklink.pigrid.apk, androidx
de.blocklink.pigrid.apk, com
de.blocklink.pigrid.apk, de
de.blocklink.pigrid.apk, iode.chaosdorf.meteroid.apk, android
de.chaosdorf.meteroid.apk, com
de.chaosdorf.meteroid.apk, de
de.chaosdorf.meteroid.apk, okhttp3
de.chaosdorf.meteroid.apk, okio
de.chaosdorf.meteroid.apk, org
de.chaosdorf.meteroid.apk, retrofit2de.clemensbartz.android.launcher.apk, dede.cryptobitch.muelli.barcodegen.apk, android
de.cryptobitch.muelli.barcodegen.apk, com
de.cryptobitch.muelli.barcodegen.apk, dede.cwde.freeshisen.apk, android
de.cwde.freeshisen.apk, dede.cweiske.headphoneindicator.apk, dede.democracydeutschland.app.apk, android
de.democracydeutschland.app.apk, bolts
de.democracydeutschland.app.apk, com
de.democracydeutschland.app.apk, de
de.democracydeutschland.app.apk, javax
de.democracydeutschland.app.apk, okhttp3
de.democracydeutschland.app.apk, okio
de.democracydeutschland.app.apk, orgde.dotwee.micropinner.apk, a
de.dotwee.micropinner.apk, android
de.dotwee.micropinner.apk, dede.drhoffmannsoft.pizza.apk, dede.drhoffmannsoftware.calcvac.apk, dede.drhoffmannsoftware.xearth.apk, dede.duenndns.gmdice.apk, dede.fmaul.android.cmis.apk, de
de.fmaul.android.cmis.apk, orgde.grobox.blitzmail.apk, android
de.grobox.blitzmail.apk, androidx
de.grobox.blitzmail.apk, com
de.grobox.blitzmail.apk, de
de.grobox.blitzmail.apk, javax
de.grobox.blitzmail.apk, kotlin
de.grobox.blitzmail.apk, orgde.hoffmannsgimmicks.apk, dede.hoffmannsgimmickstaupunkt.apk, dede.hu_berlin.eduroam.apk, android
de.hu_berlin.eduroam.apk, dede.j4velin.pedometer.apk, a
de.j4velin.pedometer.apk, android
de.j4velin.pedometer.apk, de
de.j4velin.pedometer.apk, orgde.k3b.android.calendar.ics.adapter.apk, de
de.k3b.android.calendar.ics.adapter.apk, edu
de.k3b.android.calendar.ics.adapter.apk, net
de.k3b.android.calendar.ics.adapter.apk, orgde.k3b.android.contentproviderhelper.apk, android
de.k3b.android.contentproviderhelper.apk, com
de.k3b.android.contentproviderhelper.apk, dede.k4ever.k4android.apk, android
de.k4ever.k4android.apk, com
de.k4ever.k4android.apk, dede.koelle.christian.trickytripper.apk, a
de.koelle.christian.trickytripper.apk, android
de.koelle.christian.trickytripper.apk, androidx
de.koelle.christian.trickytripper.apk, b
de.koelle.christian.trickytripper.apk, de
de.koelle.christian.trickytripper.apk, okiode.kromke.andreas.mediascanner.apk, android
de.kromke.andreas.mediascanner.apk, dede.lisas.alex.runuserinit.apk, dede.lsubel.amam.apk, de
de.lsubel.amam.apk, orgde.mangelow.balance.apk, com
de.mangelow.balance.apk, dede.mangelow.network.apk, dede.mangelow.syncwifi.apk, dede.mangelow.throughput.apk, dede.markusfisch.android.shadereditor.apk, android
de.markusfisch.android.shadereditor.apk, dede.onyxbits.sensorreadout.apk, de
de.onyxbits.sensorreadout.apk, orgdk.kjeldsen.carwingsflutter.apk, $r8$twr$utility.class
dk.kjeldsen.carwingsflutter.apk, $r8$twr$utility.java
dk.kjeldsen.carwingsflutter.apk, androidx
dk.kjeldsen.carwingsflutter.apk, co
dk.kjeldsen.carwingsflutter.apk, com
dk.kjeldsen.carwingsflutter.apk, dk
dk.kjeldsen.carwingsflutter.apk, io
dk.kjeldsen.carwingsflutter.apk, kotlin
dk.kjeldsen.carwingsflutter.apk, okhttp3
dk.kjeldsen.carwingsflutter.apk, okio
dk.kjeldsen.carwingsflutter.apk, orgeu.pretix.pretixdroid.apk, android
eu.pretix.pretixdroid.apk, com
eu.pretix.pretixdroid.apk, eu
eu.pretix.pretixdroid.apk, io
eu.pretix.pretixdroid.apk, javax
eu.pretix.pretixdroid.apk, me
eu.pretix.pretixdroid.apk, okhttp3
eu.pretix.pretixdroid.apk, okio
eu.pretix.pretixdroid.apk, orgeu.veldsoft.fish.rings.apk, android
eu.veldsoft.fish.rings.apk, eueu.veldsoft.scribe4.apk, android
eu.veldsoft.scribe4.apk, eueu.veldsoft.svarka.odds.calculator.apk, android
eu.veldsoft.svarka.odds.calculator.apk, eufelixwiemuth.lincal.apk, android
felixwiemuth.lincal.apk, ch
felixwiemuth.lincal.apk, com
felixwiemuth.lincal.apk, de
felixwiemuth.lincal.apk, felixwiemuth
felixwiemuth.lincal.apk, javax
felixwiemuth.lincal.apk, orgfr.hnit.babyname.apk, android
fr.hnit.babyname.apk, frfr.simon.marquis.secretcodes.apk, android
fr.simon.marquis.secretcodes.apk, com
fr.simon.marquis.secretcodes.apk, frgit.rrgb.kinolog.apk, android
git.rrgb.kinolog.apk, butterknife
git.rrgb.kinolog.apk, com
git.rrgb.kinolog.apk, git
git.rrgb.kinolog.apk, okhttp3
git.rrgb.kinolog.apk, okio
git.rrgb.kinolog.apk, org
git.rrgb.kinolog.apk, retrofit2gr.ratmole.android.Mach3Pendant.apk, android
gr.ratmole.android.Mach3Pendant.apk, com
gr.ratmole.android.Mach3Pendant.apk, gr
gr.ratmole.android.Mach3Pendant.apk, orghr.kravarscan.enchantedfortress.apk, hrin.shick.lockpatterngenerator.apk, android
in.shick.lockpatterngenerator.apk, ininfo.aario.mywifipasswords.apk, androidinfo.lamatricexiste.network.apk, infoio.github.sanbeg.flashlight.apk, ioio.github.subhamtyagi.openinwhatsapp.apk, android
io.github.subhamtyagi.openinwhatsapp.apk, androidx
io.github.subhamtyagi.openinwhatsapp.apk, com
io.github.subhamtyagi.openinwhatsapp.apk, ioio.github.tiagoshibata.gpsdclient.apk, ioio.github.tjg1.nori.apk, android
io.github.tjg1.nori.apk, com
io.github.tjg1.nori.apk, io
io.github.tjg1.nori.apk, org
io.github.tjg1.nori.apk, ukio.pslab.apk, androidir.hsn6.k2.apk, android
ir.hsn6.k2.apk, com
ir.hsn6.k2.apk, orgit.lucci.cm.greyscaletheme.apk, itit.mn.salvi.linuxDayOSM.apk, android
it.mn.salvi.linuxDayOSM.apk, itit.reyboz.bustorino.apk, android
it.reyboz.bustorino.apk, com
it.reyboz.bustorino.apk, it
it.reyboz.bustorino.apk, orgjpf.android.magiadni.apk, android
jpf.android.magiadni.apk, jpfkmac.dejavu_fonts.apk, kmacme.anon.grow.apk, androidme.murks.filmchecker.apk, android
me.murks.filmchecker.apk, androidx
me.murks.filmchecker.apk, com
me.murks.filmchecker.apk, javax
me.murks.filmchecker.apk, me
me.murks.filmchecker.apk, orgme.shrimadhavuk.watransmitter.apk, android
me.shrimadhavuk.watransmitter.apk, androidx
me.shrimadhavuk.watransmitter.apk, com
me.shrimadhavuk.watransmitter.apk, deme.tsukanov.counter.apk, androidmobi.omegacentauri.SendReduced.apk, mobiname.seguri.android.isphoneencrypted.apk, android
name.seguri.android.isphoneencrypted.apk, namenet.asceai.meritous.apk, netnet.gsantner.markor.apk, android
net.gsantner.markor.apk, androidx
net.gsantner.markor.apk, butterknife
net.gsantner.markor.apk, com
net.gsantner.markor.apk, net
net.gsantner.markor.apk, org
net.gsantner.markor.apk, othernet.healeys.lexic.apk, netnet.kervala.comicsreader.apk, netnet.micode.compass.apk, netnet.osmand.plus.apk, alice
net.osmand.plus.apk, android
net.osmand.plus.apk, androidx
net.osmand.plus.apk, bsh
net.osmand.plus.apk, btools
net.osmand.plus.apk, com
net.osmand.plus.apk, gnunet.pp3345.ykdroid.apk, netnet.sourceforge.x11basic.apk, netnet.sylvek.sharemyposition.apk, net
net.sylvek.sharemyposition.apk, orgnet.szym.barnacle.apk, netnet.tapi.handynotes.apk, android
net.tapi.handynotes.apk, netnet.tedstein.AndroSS.apk, android
net.tedstein.AndroSS.apk, netnet.tevp.postcode.apk, netnet.thauvin.erik.android.noussd.apk, android
net.thauvin.erik.android.noussd.apk, netnet.yolosec.routerkeygen2.apk, android
net.yolosec.routerkeygen2.apk, com
net.yolosec.routerkeygen2.apk, it
net.yolosec.routerkeygen2.apk, orgnl.asymmetrics.droidshows.apk, nl
nl.asymmetrics.droidshows.apk, orgnl.implode.regenalarm.apk, nl
nl.implode.regenalarm.apk, orgno.rkkc.bysykkel.apk, android
no.rkkc.bysykkel.apk, com
no.rkkc.bysykkel.apk, nonodom.darkfm.inventoryguimobile.apk, android
nodom.darkfm.inventoryguimobile.apk, nodomnu.firetech.android.pactrack.apk, com
nu.firetech.android.pactrack.apk, nuohm.quickdice.apk, a
ohm.quickdice.apk, android
ohm.quickdice.apk, b
ohm.quickdice.apk, kankan
ohm.quickdice.apk, ohmorg.adw.launcher.apk, com
org.adw.launcher.apk, mobi
org.adw.launcher.apk, orgorg.androidsoft.games.memory.kids.apk, orgorg.anothermonitor.apk, com
org.anothermonitor.apk, orgorg.asnelt.derandom.apk, android
org.asnelt.derandom.apk, androidx
org.asnelt.derandom.apk, orgorg.bc_bd.mrwhite.apk, android
org.bc_bd.mrwhite.apk, orgorg.beide.bomber.apk, android
org.beide.bomber.apk, orgorg.bienvenidoainternet.app.apk, android
org.bienvenidoainternet.app.apk, com
org.bienvenidoainternet.app.apk, junit
org.bienvenidoainternet.app.apk, layout
org.bienvenidoainternet.app.apk, org
org.bienvenidoainternet.app.apk, pl
org.bienvenidoainternet.app.apk, utilsorg.billthefarmer.crossword.apk, orgorg.billthefarmer.currency.apk, com
org.billthefarmer.currency.apk, orgorg.billthefarmer.diary.apk, android
org.billthefarmer.diary.apk, com
org.billthefarmer.diary.apk, orgorg.billthefarmer.editor.apk, android
org.billthefarmer.editor.apk, com
org.billthefarmer.editor.apk, orgorg.billthefarmer.melodeon.apk, orgorg.billthefarmer.scope.apk, orgorg.billthefarmer.shorty.apk, com
org.billthefarmer.shorty.apk, orgorg.billthefarmer.siggen.apk, orgorg.billthefarmer.tuner.apk, orgorg.bitbatzen.wlanscanner.apk, orgorg.bitbucket.tickytacky.mirrormirror.apk, orgorg.blockinger.game.apk, android
org.blockinger.game.apk, orgorg.coolreader.apk, com
org.coolreader.apk, de
org.coolreader.apk, orgorg.damazio.notifier.apk, com
org.damazio.notifier.apk, orgorg.developfreedom.wordpowermadeeasy.apk, android
org.developfreedom.wordpowermadeeasy.apk, butterknife
org.developfreedom.wordpowermadeeasy.apk, orgorg.dmfs.tasks.apk, a
org.dmfs.tasks.apk, android
org.dmfs.tasks.apk, com
org.dmfs.tasks.apk, orgorg.dnaq.dialer2.apk, orgorg.droidseries.apk, orgorg.droidtr.keyboard.apk, orgorg.dyndns.fules.ck.apk, android
org.dyndns.fules.ck.apk, orgorg.dyndns.sven_ola.debian_kit.apk, android
org.dyndns.sven_ola.debian_kit.apk, orgorg.eehouse.android.xw4.apk, android
org.eehouse.android.xw4.apk, orgorg.epstudios.morbidmeter.apk, orgorg.example.pushupbuddy.apk, orgorg.example.rosary.apk, com
org.example.rosary.apk, orgorg.fdroid.fdroid.privileged.apk, android
org.fdroid.fdroid.privileged.apk, orgorg.fitchfamily.android.dejavu.apk, android
org.fitchfamily.android.dejavu.apk, orgorg.gateshipone.odyssey.apk, android
org.gateshipone.odyssey.apk, androidx
org.gateshipone.odyssey.apk, com
org.gateshipone.odyssey.apk, orgorg.gittner.osmbugs.apk, android
org.gittner.osmbugs.apk, androidx
org.gittner.osmbugs.apk, com
org.gittner.osmbugs.apk, okhttp3
org.gittner.osmbugs.apk, okio
org.gittner.osmbugs.apk, org
org.gittner.osmbugs.apk, timberorg.herrlado.ask.languagepack.czech.apk, com
org.herrlado.ask.languagepack.czech.apk, orgorg.itishka.pointim.apk, android
org.itishka.pointim.apk, com
org.itishka.pointim.apk, jp
org.itishka.pointim.apk, me
org.itishka.pointim.apk, okio
org.itishka.pointim.apk, org
org.itishka.pointim.apk, retrofit
org.itishka.pointim.apk, roboguice
org.itishka.pointim.apk, ukorg.jak_linux.dns66.apk, android
org.jak_linux.dns66.apk, androidx
org.jak_linux.dns66.apk, com
org.jak_linux.dns66.apk, dig.class
org.jak_linux.dns66.apk, jnamed$1.class
org.jak_linux.dns66.apk, jnamed$2.class
org.jak_linux.dns66.apk, jnamed$3.class
org.jak_linux.dns66.apk, jnamed.class
org.jak_linux.dns66.apk, lookup.class
org.jak_linux.dns66.apk, org
org.jak_linux.dns66.apk, update.classorg.jschwab.openrecipes.apk, orgorg.jsl.shmp.apk, orgorg.jsl.wfwt.apk, orgorg.kiwix.kiwixmobile.apk, android
org.kiwix.kiwixmobile.apk, butterknife
org.kiwix.kiwixmobile.apk, com
org.kiwix.kiwixmobile.apk, dagger
org.kiwix.kiwixmobile.apk, eu
org.kiwix.kiwixmobile.apk, io
org.kiwix.kiwixmobile.apk, javax
org.kiwix.kiwixmobile.apk, kiwix
org.kiwix.kiwixmobile.apk, okhttp3
org.kiwix.kiwixmobile.apk, okio
org.kiwix.kiwixmobile.apk, org
org.kiwix.kiwixmobile.apk, retrofit2org.ligi.materialteatimer.apk, android
org.ligi.materialteatimer.apk, com
org.ligi.materialteatimer.apk, kotlin
org.ligi.materialteatimer.apk, orgorg.miamplayer.autoairplanemode.apk, android
org.miamplayer.autoairplanemode.apk, orgorg.microg.nlp.backend.apple.apk, com
org.microg.nlp.backend.apple.apk, microsoft
org.microg.nlp.backend.apple.apk, okio
org.microg.nlp.backend.apple.apk, orgorg.microg.nlp.backend.ichnaea.apk, orgorg.openintents.notepad.apk, android
org.openintents.notepad.apk, orgorg.osmocom.tacdatabaseclient.apk, android
org.osmocom.tacdatabaseclient.apk, orgorg.penghuang.tools.rotationlock.apk, orgorg.pocketworkstation.pckeyboard.apk, android
org.pocketworkstation.pckeyboard.apk, com
org.pocketworkstation.pckeyboard.apk, orgorg.projectmaxs.module.contactsread.apk, eu
org.projectmaxs.module.contactsread.apk, orgorg.quantumbadger.redreader.apk, android
org.quantumbadger.redreader.apk, androidx
org.quantumbadger.redreader.apk, com
org.quantumbadger.redreader.apk, info
org.quantumbadger.redreader.apk, jp
org.quantumbadger.redreader.apk, okhttp3
org.quantumbadger.redreader.apk, okio
org.quantumbadger.redreader.apk, orgorg.schabi.stethox.apk, comorg.secuso.privacyfriendlyboardgameclock.apk, android
org.secuso.privacyfriendlyboardgameclock.apk, com
org.secuso.privacyfriendlyboardgameclock.apk, orgorg.shortcuts.apk, android
org.shortcuts.apk, orgorg.smblott.intentradio.apk, orgorg.sufficientlysecure.keychain.apk, android
org.sufficientlysecure.keychain.apk, androidx
org.sufficientlysecure.keychain.apk, com
org.sufficientlysecure.keychain.apk, de
org.sufficientlysecure.keychain.apk, edu
org.sufficientlysecure.keychain.apk, eu
org.sufficientlysecure.keychain.apk, fr
org.sufficientlysecure.keychain.apk, nordpol
org.sufficientlysecure.keychain.apk, okhttp3
org.sufficientlysecure.keychain.apk, okio
org.sufficientlysecure.keychain.apk, org
org.sufficientlysecure.keychain.apk, timberorg.surrel.facebooknotifications.apk, orgorg.surrel.messengerbypasser.apk, orgorg.uaraven.e.apk, orgorg.us.andriod.apk, android
org.us.andriod.apk, orgorg.videolan.vlc.apk, android
org.videolan.vlc.apk, androidx
org.videolan.vlc.apk, com
org.videolan.vlc.apk, kotlin
org.videolan.vlc.apk, kotlinx
org.videolan.vlc.apk, okhttp3
org.videolan.vlc.apk, okio
org.videolan.vlc.apk, org
org.videolan.vlc.apk, retrofit2
org.videolan.vlc.apk, videolanorg.vudroid.apk, android
org.vudroid.apk, androidx
org.vudroid.apk, be
org.vudroid.apk, com
org.vudroid.apk, kotlin
org.vudroid.apk, kotlinx
org.vudroid.apk, q
org.vudroid.apk, timberorg.witness.sscphase1.apk, android
org.witness.sscphase1.apk, com
org.witness.sscphase1.apk, edu
org.witness.sscphase1.apk, javax
org.witness.sscphase1.apk, okhttp3
org.witness.sscphase1.apk, okio
org.witness.sscphase1.apk, orgorg.y20k.transistor.apk, android
org.y20k.transistor.apk, com
org.y20k.transistor.apk, sheetrockorg.zephyrsoft.sdbviewer.apk, android
org.zephyrsoft.sdbviewer.apk, com
org.zephyrsoft.sdbviewer.apk, junit
org.zephyrsoft.sdbviewer.apk, orgprotect.gift_card_guard.apk, android
protect.gift_card_guard.apk, com
protect.gift_card_guard.apk, protectru.henridellal.emerald.apk, com
ru.henridellal.emerald.apk, ruryey.camcov.apk, android
ryey.camcov.apk, ryeyse.tube42.kidsmem.android.apk, com
se.tube42.kidsmem.android.apk, sesun.bob.leela.apk, android
sun.bob.leela.apk, com
sun.bob.leela.apk, de
sun.bob.leela.apk, io
sun.bob.leela.apk, mehdi
sun.bob.leela.apk, suntkj.android.homecontrol.mythmote.apk, android
tkj.android.homecontrol.mythmote.apk, tkjuk.co.bitethebullet.android.token.apk, ukuk.co.busydoingnothing.catverbs.apk, android
uk.co.busydoingnothing.catverbs.apk, ukvu.de.urpool.quickdroid.apk, android
vu.de.urpool.quickdroid.apk, vuwsdfhjxc.taponium.apk, wsdfhjxcxyz.iridiumion.plucklockex.apk, android
xyz.iridiumion.plucklockex.apk, xyz